{
  "model_path": "results/models/lstm.h5",
  "threshold": 0.5,
  "n_test": 1115,
  "accuracy": 0.8663677130044843,
  "precision": 0.0,
  "recall": 0.0,
  "f1_score": 0.0,
  "balanced_accuracy": 0.5,
  "mcc": 0.0,
  "specificity": 1.0,
  "npv": 0.8663677130044843,
  "tn": 966,
  "fp": 0,
  "fn": 149,
  "tp": 0,
  "roc_auc": 0.489648033126294,
  "pr_auc": 0.13375224416517056,
  "log_loss": 0.6888709338967055,
  "created_at": "2026-05-23T19:40:10",
  "max_words": 5000,
  "max_len": 100,
  "test_size": 0.2,
  "random_state": 42
}