{
  "model_path": "results/models/simple_rnn.h5",
  "threshold": 0.5,
  "n_test": 1115,
  "accuracy": 0.9668161434977578,
  "precision": 0.9375,
  "recall": 0.8053691275167785,
  "f1_score": 0.8664259927797834,
  "balanced_accuracy": 0.8985437770089069,
  "mcc": 0.8507935018777936,
  "specificity": 0.9917184265010351,
  "npv": 0.9706180344478217,
  "tn": 958,
  "fp": 8,
  "fn": 29,
  "tp": 120,
  "roc_auc": 0.9643482429446829,
  "pr_auc": 0.9019842387316769,
  "log_loss": 0.12498033232018596,
  "created_at": "2026-05-23T19:40:08",
  "max_words": 5000,
  "max_len": 100,
  "test_size": 0.2,
  "random_state": 42
}