model,accuracy,precision,recall,f1_score
Simple RNN,0.8565022421524664,0.47619047619047616,0.738255033557047,0.5789473684210527
LSTM,0.9802690582959641,0.9150326797385621,0.9395973154362416,0.9271523178807947
