accuracy,loss,precision,recall,val_accuracy,val_loss,val_precision,val_recall
0.6389901638031006,0.6116840839385986,0.22906899452209473,0.715481162071228,0.347533643245697,0.8310024738311768,0.15419161319732666,0.8583333492279053
0.7071529030799866,0.5374070405960083,0.2852807343006134,0.7866109013557434,0.13452914357185364,0.82026606798172,0.13452914357185364,1.0
0.5624123215675354,0.6805081367492676,0.1768219769001007,0.6192468404769897,0.7118834257125854,0.5674052834510803,0.24723246693611145,0.5583333373069763
0.7601683139801025,0.5280976891517639,0.3330380916595459,0.7866109013557434,0.8273542523384094,0.42792001366615295,0.42129629850387573,0.7583333253860474
0.8460028171539307,0.41128867864608765,0.45979616045951843,0.849372386932373,0.7152466177940369,0.6514990329742432,0.27960526943206787,0.7083333134651184
0.8527349233627319,0.39037996530532837,0.4733861982822418,0.874476969242096,0.7836322784423828,0.4726822078227997,0.3728223145008087,0.8916666507720947
0.8137447237968445,0.4357825219631195,0.4082840383052826,0.866108775138855,0.7544842958450317,0.49960702657699585,0.3088802993297577,0.6666666865348816
